[{"model": "admin.logentry", "pk": 1, "fields": {"action_time": "2021-10-10T14:05:02.787Z", "user": 1, "content_type": 7, "object_id": "1", "object_repr": "glass_jungle.com", "action_flag": 2, "change_message": "[{\"changed\": {\"fields\": [\"Domain name\", \"Display name\"]}}]"}}, {"model": "admin.logentry", "pk": 2, "fields": {"action_time": "2021-10-10T14:05:22.231Z", "user": 1, "content_type": 7, "object_id": "1", "object_repr": "glass_jungle.example.com", "action_flag": 2, "change_message": "[{\"changed\": {\"fields\": [\"Domain name\"]}}]"}}, {"model": "admin.logentry", "pk": 3, "fields": {"action_time": "2021-10-10T14:12:27.916Z", "user": 1, "content_type": 8, "object_id": "2", "object_repr": "rvn@somemail.com", "action_flag": 1, "change_message": "[{\"added\": {}}]"}}, {"model": "admin.logentry", "pk": 4, "fields": {"action_time": "2021-10-11T18:58:44.687Z", "user": 1, "content_type": 13, "object_id": "1", "object_repr": "exo terra small empty terrarium", "action_flag": 1, "change_message": "[{\"added\": {}}]"}}, {"model": "admin.logentry", "pk": 5, "fields": {"action_time": "2021-10-11T18:59:46.549Z", "user": 1, "content_type": 13, "object_id": "2", "object_repr": "exo terra medium empty terrarium", "action_flag": 1, "change_message": "[{\"added\": {}}]"}}, {"model": "admin.logentry", "pk": 6, "fields": {"action_time": "2021-10-11T19:00:24.731Z", "user": 1, "content_type": 13, "object_id": "3", "object_repr": "exo terra large empty terrarium", "action_flag": 1, "change_message": "[{\"added\": {}}]"}}, {"model": "admin.logentry", "pk": 7, "fields": {"action_time": "2021-10-12T07:33:08.104Z", "user": 1, "content_type": 13, "object_id": "3", "object_repr": "Exo Terra Large Empty Terrarium", "action_flag": 2, "change_message": "[{\"changed\": {\"fields\": [\"Name\", \"Manufacture\"]}}]"}}, {"model": "admin.logentry", "pk": 8, "fields": {"action_time": "2021-10-12T07:33:36.156Z", "user": 1, "content_type": 13, "object_id": "2", "object_repr": "Exo Terra Medium Empty Terrarium", "action_flag": 2, "change_message": "[{\"changed\": {\"fields\": [\"Name\", \"Manufacture\"]}}]"}}, {"model": "admin.logentry", "pk": 9, "fields": {"action_time": "2021-10-12T07:33:57.421Z", "user": 1, "content_type": 13, "object_id": "1", "object_repr": "Exo Terra Large Empty Terrarium", "action_flag": 2, "change_message": "[{\"changed\": {\"fields\": [\"Name\", \"Manufacture\"]}}]"}}, {"model": "admin.logentry", "pk": 10, "fields": {"action_time": "2021-10-12T07:35:27.727Z", "user": 1, "content_type": 13, "object_id": "4", "object_repr": "Exo Terra Small Full Terrarium", "action_flag": 1, "change_message": "[{\"added\": {}}]"}}, {"model": "admin.logentry", "pk": 11, "fields": {"action_time": "2021-10-12T07:36:12.750Z", "user": 1, "content_type": 13, "object_id": "5", "object_repr": "Exo Terra Medium Full Terrarium", "action_flag": 1, "change_message": "[{\"added\": {}}]"}}, {"model": "admin.logentry", "pk": 12, "fields": {"action_time": "2021-10-12T07:36:51.200Z", "user": 1, "content_type": 13, "object_id": "6", "object_repr": "Exo Terra Large Full Terrarium", "action_flag": 1, "change_message": "[{\"added\": {}}]"}}, {"model": "admin.logentry", "pk": 13, "fields": {"action_time": "2021-10-12T07:38:05.621Z", "user": 1, "content_type": 13, "object_id": "7", "object_repr": "Arcadia Jungle Dawn LED Bar Small", "action_flag": 1, "change_message": "[{\"added\": {}}]"}}, {"model": "admin.logentry", "pk": 14, "fields": {"action_time": "2021-10-12T07:38:34.615Z", "user": 1, "content_type": 13, "object_id": "8", "object_repr": "Arcadia Jungle Dawn LED Bar Medium", "action_flag": 1, "change_message": "[{\"added\": {}}]"}}, {"model": "admin.logentry", "pk": 15, "fields": {"action_time": "2021-10-12T07:38:46.038Z", "user": 1, "content_type": 13, "object_id": "8", "object_repr": "Arcadia Jungle Dawn LED Bar Medium", "action_flag": 2, "change_message": "[{\"changed\": {\"fields\": [\"Image\"]}}]"}}, {"model": "admin.logentry", "pk": 16, "fields": {"action_time": "2021-10-12T07:39:21.407Z", "user": 1, "content_type": 13, "object_id": "9", "object_repr": "Arcadia Jungle Dawn LED Bar Large", "action_flag": 1, "change_message": "[{\"added\": {}}]"}}, {"model": "admin.logentry", "pk": 17, "fields": {"action_time": "2021-10-12T07:40:38.556Z", "user": 1, "content_type": 13, "object_id": "10", "object_repr": "Reptile Systems Heating Mat Small", "action_flag": 1, "change_message": "[{\"added\": {}}]"}}, {"model": "admin.logentry", "pk": 18, "fields": {"action_time": "2021-10-12T07:41:17.374Z", "user": 1, "content_type": 13, "object_id": "11", "object_repr": "Reptile Systems Heating Mat Medium", "action_flag": 1, "change_message": "[{\"added\": {}}]"}}, {"model": "admin.logentry", "pk": 19, "fields": {"action_time": "2021-10-12T07:42:14.763Z", "user": 1, "content_type": 13, "object_id": "12", "object_repr": "Reptile Systems Heating Mat Large", "action_flag": 1, "change_message": "[{\"added\": {}}]"}}, {"model": "admin.logentry", "pk": 20, "fields": {"action_time": "2021-10-12T07:42:54.907Z", "user": 1, "content_type": 13, "object_id": "13", "object_repr": "Exo Terra Reptile Hiding Cave Small", "action_flag": 1, "change_message": "[{\"added\": {}}]"}}, {"model": "admin.logentry", "pk": 21, "fields": {"action_time": "2021-10-12T07:43:49.385Z", "user": 1, "content_type": 13, "object_id": "14", "object_repr": "Exo Terra Reptile Hiding Cave Medium", "action_flag": 1, "change_message": "[{\"added\": {}}]"}}, {"model": "admin.logentry", "pk": 22, "fields": {"action_time": "2021-10-12T07:44:28.064Z", "user": 1, "content_type": 13, "object_id": "15", "object_repr": "Exo Terra Reptile Hiding Cave Large", "action_flag": 1, "change_message": "[{\"added\": {}}]"}}, {"model": "admin.logentry", "pk": 23, "fields": {"action_time": "2021-10-12T07:45:27.574Z", "user": 1, "content_type": 13, "object_id": "16", "object_repr": "Zoo Med Repti Rock Food & Water Dishes Small", "action_flag": 1, "change_message": "[{\"added\": {}}]"}}, {"model": "admin.logentry", "pk": 24, "fields": {"action_time": "2021-10-12T07:46:02.031Z", "user": 1, "content_type": 13, "object_id": "17", "object_repr": "Zoo Med Repti Rock Food & Water Dishes Medium", "action_flag": 1, "change_message": "[{\"added\": {}}]"}}, {"model": "admin.logentry", "pk": 25, "fields": {"action_time": "2021-10-12T07:46:35.405Z", "user": 1, "content_type": 13, "object_id": "18", "object_repr": "Zoo Med Repti Rock Food & Water Dishes Large", "action_flag": 1, "change_message": "[{\"added\": {}}]"}}, {"model": "admin.logentry", "pk": 26, "fields": {"action_time": "2021-10-12T07:47:06.209Z", "user": 1, "content_type": 13, "object_id": "10", "object_repr": "Reptile Systems Heating Mat Small", "action_flag": 2, "change_message": "[{\"changed\": {\"fields\": [\"Category\"]}}]"}}, {"model": "admin.logentry", "pk": 27, "fields": {"action_time": "2021-10-12T07:47:23.065Z", "user": 1, "content_type": 13, "object_id": "11", "object_repr": "Reptile Systems Heating Mat Medium", "action_flag": 2, "change_message": "[{\"changed\": {\"fields\": [\"Category\"]}}]"}}, {"model": "admin.logentry", "pk": 28, "fields": {"action_time": "2021-10-12T07:47:40.339Z", "user": 1, "content_type": 13, "object_id": "12", "object_repr": "Reptile Systems Heating Mat Large", "action_flag": 2, "change_message": "[{\"changed\": {\"fields\": [\"Category\"]}}]"}}, {"model": "admin.logentry", "pk": 29, "fields": {"action_time": "2021-10-14T16:07:55.308Z", "user": 1, "content_type": 13, "object_id": "1", "object_repr": "Exo Terra Small Empty Terrarium", "action_flag": 2, "change_message": "[{\"changed\": {\"fields\": [\"Name\"]}}]"}}, {"model": "admin.logentry", "pk": 30, "fields": {"action_time": "2021-10-19T09:50:40.903Z", "user": 1, "content_type": 14, "object_id": "1", "object_repr": "2D8371FEBA364A099F376E7BA5E81949", "action_flag": 2, "change_message": "[{\"deleted\": {\"name\": \"order line item\", \"object\": \"Exo Terra Large Full Terrarium on order 2D8371FEBA364A099F376E7BA5E81949\"}}]"}}, {"model": "admin.logentry", "pk": 31, "fields": {"action_time": "2021-10-19T09:52:29.884Z", "user": 1, "content_type": 14, "object_id": "1", "object_repr": "2D8371FEBA364A099F376E7BA5E81949", "action_flag": 3, "change_message": ""}}, {"model": "admin.logentry", "pk": 32, "fields": {"action_time": "2021-10-19T09:53:49.426Z", "user": 1, "content_type": 14, "object_id": "2", "object_repr": "3A8182D067C540EBA362BABE821DB47D", "action_flag": 2, "change_message": "[{\"changed\": {\"name\": \"order line item\", \"object\": \"Exo Terra Small Full Terrarium on order 3A8182D067C540EBA362BABE821DB47D\", \"fields\": [\"Quantity\"]}}]"}}, {"model": "admin.logentry", "pk": 33, "fields": {"action_time": "2021-10-19T09:53:58.102Z", "user": 1, "content_type": 14, "object_id": "2", "object_repr": "3A8182D067C540EBA362BABE821DB47D", "action_flag": 2, "change_message": "[{\"changed\": {\"name\": \"order line item\", \"object\": \"Exo Terra Small Full Terrarium on order 3A8182D067C540EBA362BABE821DB47D\", \"fields\": [\"Quantity\"]}}]"}}, {"model": "admin.logentry", "pk": 34, "fields": {"action_time": "2021-10-19T09:54:37.753Z", "user": 1, "content_type": 14, "object_id": "2", "object_repr": "3A8182D067C540EBA362BABE821DB47D", "action_flag": 2, "change_message": "[{\"deleted\": {\"name\": \"order line item\", \"object\": \"Exo Terra Small Full Terrarium on order 3A8182D067C540EBA362BABE821DB47D\"}}]"}}, {"model": "admin.logentry", "pk": 35, "fields": {"action_time": "2021-10-19T09:54:45.941Z", "user": 1, "content_type": 14, "object_id": "2", "object_repr": "3A8182D067C540EBA362BABE821DB47D", "action_flag": 3, "change_message": ""}}, {"model": "admin.logentry", "pk": 36, "fields": {"action_time": "2021-10-21T07:59:30.632Z", "user": 1, "content_type": 14, "object_id": "9", "object_repr": "BE0D84AC2039488082D4BC53B5B59049", "action_flag": 3, "change_message": ""}}, {"model": "admin.logentry", "pk": 37, "fields": {"action_time": "2021-10-21T07:59:30.659Z", "user": 1, "content_type": 14, "object_id": "8", "object_repr": "DF198F14619F4DCCBB88035AC6F4C33B", "action_flag": 3, "change_message": ""}}, {"model": "admin.logentry", "pk": 38, "fields": {"action_time": "2021-10-21T07:59:30.682Z", "user": 1, "content_type": 14, "object_id": "7", "object_repr": "1348E6036E394AE6A0B4DF5EF22A2299", "action_flag": 3, "change_message": ""}}, {"model": "admin.logentry", "pk": 39, "fields": {"action_time": "2021-10-21T07:59:30.712Z", "user": 1, "content_type": 14, "object_id": "6", "object_repr": "1753171735D2482E8CB33DD634F2FED9", "action_flag": 3, "change_message": ""}}, {"model": "admin.logentry", "pk": 40, "fields": {"action_time": "2021-10-21T07:59:30.737Z", "user": 1, "content_type": 14, "object_id": "5", "object_repr": "8356A2814FBB4B7F9943D8E18B6E680B", "action_flag": 3, "change_message": ""}}, {"model": "admin.logentry", "pk": 41, "fields": {"action_time": "2021-10-21T07:59:30.760Z", "user": 1, "content_type": 14, "object_id": "4", "object_repr": "C17E9960C704498CA919DFE0973FC46E", "action_flag": 3, "change_message": ""}}, {"model": "admin.logentry", "pk": 42, "fields": {"action_time": "2021-10-21T07:59:30.785Z", "user": 1, "content_type": 14, "object_id": "3", "object_repr": "F03B5B5A33774FB581E743D5BB1FFAF2", "action_flag": 3, "change_message": ""}}, {"model": "admin.logentry", "pk": 43, "fields": {"action_time": "2021-10-22T14:53:11.862Z", "user": 1, "content_type": 17, "object_id": "1", "object_repr": "This Exo Terra Small Empty Terrarium is great !", "action_flag": 1, "change_message": "[{\"added\": {}}]"}}, {"model": "admin.logentry", "pk": 44, "fields": {"action_time": "2021-10-22T14:56:14.660Z", "user": 1, "content_type": 17, "object_id": "1", "object_repr": "This Exo Terra Small Empty Terrarium is great !", "action_flag": 2, "change_message": "[]"}}, {"model": "admin.logentry", "pk": 45, "fields": {"action_time": "2021-10-22T14:58:16.686Z", "user": 1, "content_type": 17, "object_id": "1", "object_repr": "This Exo Terra Small Empty Terrarium is great !", "action_flag": 2, "change_message": "[]"}}, {"model": "admin.logentry", "pk": 46, "fields": {"action_time": "2021-10-22T15:17:20.372Z", "user": 1, "content_type": 17, "object_id": "2", "object_repr": "First comment by testytest", "action_flag": 1, "change_message": "[{\"added\": {}}]"}}, {"model": "admin.logentry", "pk": 47, "fields": {"action_time": "2021-10-22T15:54:01.482Z", "user": 1, "content_type": 17, "object_id": "3", "object_repr": "Another great small terrarium", "action_flag": 1, "change_message": "[{\"added\": {}}]"}}, {"model": "admin.logentry", "pk": 48, "fields": {"action_time": "2021-10-23T09:15:41.948Z", "user": 1, "content_type": 17, "object_id": "18", "object_repr": "dsfsdfsfsdf", "action_flag": 3, "change_message": ""}}, {"model": "admin.logentry", "pk": 49, "fields": {"action_time": "2021-10-23T09:15:41.970Z", "user": 1, "content_type": 17, "object_id": "17", "object_repr": "adsasdas", "action_flag": 3, "change_message": ""}}, {"model": "admin.logentry", "pk": 50, "fields": {"action_time": "2021-10-23T09:15:41.992Z", "user": 1, "content_type": 17, "object_id": "16", "object_repr": "adaada", "action_flag": 3, "change_message": ""}}, {"model": "admin.logentry", "pk": 51, "fields": {"action_time": "2021-10-23T09:15:42.009Z", "user": 1, "content_type": 17, "object_id": "15", "object_repr": "adaada", "action_flag": 3, "change_message": ""}}, {"model": "admin.logentry", "pk": 52, "fields": {"action_time": "2021-10-23T09:15:42.027Z", "user": 1, "content_type": 17, "object_id": "14", "object_repr": "tody", "action_flag": 3, "change_message": ""}}, {"model": "admin.logentry", "pk": 53, "fields": {"action_time": "2021-10-23T09:15:42.041Z", "user": 1, "content_type": 17, "object_id": "13", "object_repr": "tody", "action_flag": 3, "change_message": ""}}, {"model": "admin.logentry", "pk": 54, "fields": {"action_time": "2021-10-23T09:15:42.056Z", "user": 1, "content_type": 17, "object_id": "12", "object_repr": "dave", "action_flag": 3, "change_message": ""}}, {"model": "admin.logentry", "pk": 55, "fields": {"action_time": "2021-10-23T09:15:42.074Z", "user": 1, "content_type": 17, "object_id": "11", "object_repr": "Too Good", "action_flag": 3, "change_message": ""}}, {"model": "admin.logentry", "pk": 56, "fields": {"action_time": "2021-10-23T09:15:42.090Z", "user": 1, "content_type": 17, "object_id": "10", "object_repr": "Too Good", "action_flag": 3, "change_message": ""}}, {"model": "admin.logentry", "pk": 57, "fields": {"action_time": "2021-10-23T09:15:42.112Z", "user": 1, "content_type": 17, "object_id": "9", "object_repr": "Too Good", "action_flag": 3, "change_message": ""}}, {"model": "admin.logentry", "pk": 58, "fields": {"action_time": "2021-10-23T09:15:42.133Z", "user": 1, "content_type": 17, "object_id": "8", "object_repr": "test test", "action_flag": 3, "change_message": ""}}, {"model": "admin.logentry", "pk": 59, "fields": {"action_time": "2021-10-23T09:15:42.152Z", "user": 1, "content_type": 17, "object_id": "7", "object_repr": "Love this even more", "action_flag": 3, "change_message": ""}}, {"model": "admin.logentry", "pk": 60, "fields": {"action_time": "2021-10-23T09:15:42.173Z", "user": 1, "content_type": 17, "object_id": "6", "object_repr": "Love this even more", "action_flag": 3, "change_message": ""}}, {"model": "admin.logentry", "pk": 61, "fields": {"action_time": "2021-10-23T09:15:42.193Z", "user": 1, "content_type": 17, "object_id": "5", "object_repr": "Love this even more", "action_flag": 3, "change_message": ""}}, {"model": "admin.logentry", "pk": 62, "fields": {"action_time": "2021-10-23T09:15:42.211Z", "user": 1, "content_type": 17, "object_id": "4", "object_repr": "Love it", "action_flag": 3, "change_message": ""}}, {"model": "admin.logentry", "pk": 63, "fields": {"action_time": "2021-10-26T16:42:01.139Z", "user": 1, "content_type": 18, "object_id": "1", "object_repr": "Love this", "action_flag": 1, "change_message": "[{\"added\": {}}]"}}, {"model": "admin.logentry", "pk": 64, "fields": {"action_time": "2021-10-26T16:42:22.989Z", "user": 1, "content_type": 18, "object_id": "1", "object_repr": "Love this", "action_flag": 3, "change_message": ""}}, {"model": "admin.logentry", "pk": 65, "fields": {"action_time": "2021-10-27T07:10:18.840Z", "user": 1, "content_type": 18, "object_id": "2", "object_repr": "Sharing my Terrarium Build", "action_flag": 1, "change_message": "[{\"added\": {}}]"}}, {"model": "admin.logentry", "pk": 66, "fields": {"action_time": "2021-10-27T07:23:38.037Z", "user": 1, "content_type": 18, "object_id": "3", "object_repr": "My tank that I planted for my dartfrogs", "action_flag": 1, "change_message": "[{\"added\": {}}]"}}, {"model": "admin.logentry", "pk": 67, "fields": {"action_time": "2021-10-27T13:52:53.151Z", "user": 1, "content_type": 18, "object_id": "4", "object_repr": "Lion", "action_flag": 3, "change_message": ""}}, {"model": "admin.logentry", "pk": 68, "fields": {"action_time": "2021-10-27T15:04:46.478Z", "user": 1, "content_type": 18, "object_id": "8", "object_repr": "testing testing 123", "action_flag": 3, "change_message": ""}}, {"model": "admin.logentry", "pk": 69, "fields": {"action_time": "2021-10-27T15:04:46.507Z", "user": 1, "content_type": 18, "object_id": "7", "object_repr": "test test ", "action_flag": 3, "change_message": ""}}, {"model": "admin.logentry", "pk": 70, "fields": {"action_time": "2021-10-27T15:04:46.535Z", "user": 1, "content_type": 18, "object_id": "6", "object_repr": "test ", "action_flag": 3, "change_message": ""}}, {"model": "admin.logentry", "pk": 71, "fields": {"action_time": "2021-11-05T08:55:52.370Z", "user": 1, "content_type": 17, "object_id": "38", "object_repr": "I kinda like", "action_flag": 3, "change_message": ""}}, {"model": "admin.logentry", "pk": 72, "fields": {"action_time": "2021-11-05T08:55:52.451Z", "user": 1, "content_type": 17, "object_id": "1", "object_repr": "Like it now ! Edited", "action_flag": 3, "change_message": ""}}, {"model": "auth.user", "pk": 1, "fields": {"password": "pbkdf2_sha256$260000$MaV6R95u3RWvtbHr4UdhFl$VCpvUoCJsC5mnieh+jptuU8LV5gFeQrYJLDKYdHwbCc=", "last_login": "2021-11-04T20:35:06.665Z", "is_superuser": true, "username": "rvn", "first_name": "", "last_name": "", "email": "rvn@test.com", "is_staff": true, "is_active": true, "date_joined": "2021-10-10T13:48:11.668Z", "groups": [], "user_permissions": []}}, {"model": "auth.user", "pk": 2, "fields": {"password": "pbkdf2_sha256$260000$aGkn6HwEqj5Pn9rXtoSrjN$reGMCiNJNOxFgd55cV6r+/TvQtq0eE4MqW5jSuFRHv8=", "last_login": "2021-11-05T09:00:36.920Z", "is_superuser": false, "username": "testytest", "first_name": "", "last_name": "", "email": "test@test.com", "is_staff": false, "is_active": true, "date_joined": "2021-10-20T14:13:35.183Z", "groups": [], "user_permissions": []}}, {"model": "sessions.session", "pk": "ggpcliueiu51dy7d9br1cnd1omkxtbev", "fields": {"session_data": "e30:1mdCHO:Vfzkbg1CiQ4KcRVHueYbbxqLvaWevetIvsWCZgZlkso", "expire_date": "2021-11-03T14:09:18.597Z"}}, {"model": "sessions.session", "pk": "jeh4mkfpu07567bcsbm8j7ktghuzj47q", "fields": {"session_data": "eyJfbWVzc2FnZXMiOiJbW1wiX19qc29uX21lc3NhZ2VcIiwgMCwgMjUsIFwiWW91IGhhdmUgc2lnbmVkIG91dC5cIl1dIn0:1mhcuY:zYJO7oCXU0c6UpaH14amg_NKC3SQwmhujmfl_e3G3v8", "expire_date": "2021-11-15T19:24:02.917Z"}}, {"model": "sessions.session", "pk": "qn575nmvbwor0r3mpbu8cfso22gerbdh", "fields": {"session_data": "eyJiYWciOnsiNCI6M319:1mavLM:ETDMsL09gZzZ2e6jExOELjOsZd2tjLbueaIGcP2lpnU", "expire_date": "2021-10-28T07:40:00.681Z"}}, {"model": "sessions.session", "pk": "rt3oz9uloh2ksj806kdzmjzn8d6svm5b", "fields": {"session_data": ".eJxVjEEOwiAQRe_C2jTAOJV26d4zkBmYWtSAKW2iMd5dm3Sh2__efy_laZlHv1SZfIqqV1btfjemcJW8gnihfC5NKHmeEjer0my0NqcS5Xbc3L_ASHX8vtmIaAMDOwStCRgNtQ4PtuNWg8AQCCMjtEgGtY57JttZdoNjQBdgjVapNZXs5XFP01P1-v0Bd_E-wA:1mivhg:3Wp4QJM_iFtaiOq_mzMXQ-4cGzr4PYcszvlyUk2n4n8", "expire_date": "2021-11-19T09:40:08.335Z"}}, {"model": "sessions.session", "pk": "wlm35l2rklj16f6au8p5dwt81mzs0cu9", "fields": {"session_data": ".eJxVjMsOwiAURP-FdUMoYsvt0r3fQC6Pa1EDprSJpum_W5IudDlzzszKDC7zaJYSJhM9G1jLmt_OonuEVIG_Y7pl7nKap2h5VfhBC79mH56Xw_07GLGM-zpIoaDvlSfh-gAddaBOdPZkESU5KcWetHbCagHYaYVeAZD1UHlL9bSEUmJOJrxfcfqwQTTM4o0N67Z9AeXJQoA:1mhD6T:oIozfTwY2Dkka7QpVIUGK9Mp7RXrI5RcTXnD7QnUA14", "expire_date": "2021-11-14T15:50:37.636Z"}}, {"model": "sites.site", "pk": 1, "fields": {"domain": "glass_jungle.example.com", "name": "Glass Jungle"}}, {"model": "account.emailaddress", "pk": 1, "fields": {"user": 1, "email": "rvn@test.com", "verified": false, "primary": false}}, {"model": "account.emailaddress", "pk": 2, "fields": {"user": 1, "email": "rvn@somemail.com", "verified": true, "primary": true}}, {"model": "account.emailaddress", "pk": 3, "fields": {"user": 2, "email": "test@test.com", "verified": true, "primary": true}}, {"model": "products.product", "pk": 1, "fields": {"name": "Exo Terra Small Empty Terrarium", "category": "empty terrarium", "manufacture": "Exo Terra", "description": "Size: 45 x 45 x 60 cm - Glass terrarium habitat - Front window ventilation - Stainless steel mesh cover - Locking door to prevent escape - Closable inlets for wires and tubing.", "price": "142.49", "size": "small", "image": "small_empty_terrarium.jpg"}}, {"model": "products.product", "pk": 2, "fields": {"name": "Exo Terra Medium Empty Terrarium", "category": "empty terrarium", "manufacture": "Exo Terra", "description": "Size: 60 x 45 x 60 cm - Glass terrarium habitat - Front window ventilation - Stainless steel mesh cover - Locking door to prevent escape - Closable inlets for wires and tubing.", "price": "202.34", "size": "medium", "image": "medium_empty_terrarium.jpg"}}, {"model": "products.product", "pk": 3, "fields": {"name": "Exo Terra Large Empty Terrarium", "category": "empty terrarium", "manufacture": "Exo Terra", "description": "Size: 90 x 45 x 60cm - Glass terrarium habitat - Front window ventilation - Stainless steel mesh cover - Locking door to prevent escape - Closable inlets for wires and tubing", "price": "313.49", "size": "large", "image": "large_empty_terrarium.jpg"}}, {"model": "products.product", "pk": 4, "fields": {"name": "Exo Terra Small Full Terrarium", "category": "full terrarium", "manufacture": "Exo Terra", "description": "Size: 45 x 45 x 60 cm - Glass terrarium habitat - Complete with Zoo Med Food & Water Bowl, Exo Terra Hide, Reptile Systems Heating Matt and Arcadia Jungle Dawn LED Bar.", "price": "224.88", "size": "small", "image": "small_full_terrarium.jpg"}}, {"model": "products.product", "pk": 5, "fields": {"name": "Exo Terra Medium Full Terrarium", "category": "full terrarium", "manufacture": "Exo Terra", "description": "Size: 60 x 45 x 60 cm - Glass terrarium habitat - Complete with Zoo Med Food & Water Bowl, Exo Terra Hide, Reptile Systems Heating Matt and Arcadia Jungle Dawn LED Bar.", "price": "305.33", "size": "medium", "image": "medium_full_terrarium.jpg"}}, {"model": "products.product", "pk": 6, "fields": {"name": "Exo Terra Large Full Terrarium", "category": "full terrarium", "manufacture": "Exo Terra", "description": "Size: 90 x 45 x 60cm - Glass terrarium habitat - Glass terrarium habitat - Complete with Zoo Med Food & Water Bowl, Exo Terra Hide, Reptile Systems Heating Matt and Arcadia Jungle Dawn LED Bar.", "price": "450.89", "size": "large", "image": "large_full_terrarium.jpg"}}, {"model": "products.product", "pk": 7, "fields": {"name": "Arcadia Jungle Dawn LED Bar Small", "category": "lighting", "manufacture": "Arcadia", "description": "The Arcadia Reptile Jungle Dawn-LED Bar is sleek, bold, powerful, able to deliver the energy needed to allow plants to grow, and to cause active basking in Arid species by increasing visible light levels in terraria and vivarium. This clever system uses the very latest Full-Spectrum High Output LED diodes to project up to a massive 141 lumens per watt. Place one on top of a mesh or fit it inside of an enclosure, wherever you decide to use yours, Jungle Dawn-LED Bar will provide high levels of quality, energy rich light.", "price": "46.99", "size": "small", "image": "small_light.jpg"}}, {"model": "products.product", "pk": 8, "fields": {"name": "Arcadia Jungle Dawn LED Bar Medium", "category": "lighting", "manufacture": "Arcadia", "description": "The Arcadia Reptile Jungle Dawn-LED Bar is sleek, bold, powerful, able to deliver the energy needed to allow plants to grow, and to cause active basking in Arid species by increasing visible light levels in terraria and vivarium. This clever system uses the very latest Full-Spectrum High Output LED diodes to project up to a massive 141 lumens per watt. Place one on top of a mesh or fit it inside of an enclosure, wherever you decide to use yours, Jungle Dawn-LED Bar will provide high levels of quality, energy rich light.", "price": "59.99", "size": "medium", "image": "medium_light.jpg"}}, {"model": "products.product", "pk": 9, "fields": {"name": "Arcadia Jungle Dawn LED Bar Large", "category": "lighting", "manufacture": "Arcadia", "description": "The Arcadia Reptile Jungle Dawn-LED Bar is sleek, bold, powerful, able to deliver the energy needed to allow plants to grow, and to cause active basking in Arid species by increasing visible light levels in terraria and vivarium. This clever system uses the very latest Full-Spectrum High Output LED diodes to project up to a massive 141 lumens per watt. Place one on top of a mesh or fit it inside of an enclosure, wherever you decide to use yours, Jungle Dawn-LED Bar will provide high levels of quality, energy rich light.", "price": "79.99", "size": "large", "image": "large_light.jpg"}}, {"model": "products.product", "pk": 10, "fields": {"name": "Reptile Systems Heating Mat Small", "category": "heat mat", "manufacture": "Reptile Systems", "description": "Size: 28x16.5 cm - 8w power - Provides surface temperature - Produces no light - Great for nighttime heating - Should be thermostatically controlled", "price": "23.66", "size": "small", "image": "small_heat_matt.jpg"}}, {"model": "products.product", "pk": 11, "fields": {"name": "Reptile Systems Heating Mat Medium", "category": "heat mat", "manufacture": "Reptile Systems", "description": "Size: 28x28 cm - 16w power - Provides surface temperature - Produces no light - Great for nighttime heating - Should be thermostatically controlled", "price": "25.46", "size": "medium", "image": "medium_heat_matt.jpg"}}, {"model": "products.product", "pk": 12, "fields": {"name": "Reptile Systems Heating Mat Large", "category": "heat mat", "manufacture": "Reptile Systems", "description": "Size: 28x41 cm - 24w power- Provides surface temperature - Produces no light - Great for nighttime heating - Should be thermostatically controlled", "price": "27.35", "size": "large", "image": "large_heat_matt.jpg"}}, {"model": "products.product", "pk": 13, "fields": {"name": "Exo Terra Reptile Hiding Cave Small", "category": "hide", "manufacture": "Exo Terra", "description": "Size: 17.5 x 15.5 x 7.5cm - Natural look - Integrates in any type of terrarium - Provides a secure hiding place - Prevents stress - Very stable", "price": "3.75", "size": "small", "image": "small_hide.jpg"}}, {"model": "products.product", "pk": 14, "fields": {"name": "Exo Terra Reptile Hiding Cave Medium", "category": "hide", "manufacture": "Exo Terra", "description": "Size: 21 x 19 x 8cm - Natural look - Integrates in any type of terrarium - Provides a secure hiding place - Prevents stress - Very stable", "price": "5.59", "size": "medium", "image": "medium_hide.jpg"}}, {"model": "products.product", "pk": 15, "fields": {"name": "Exo Terra Reptile Hiding Cave Large", "category": "hide", "manufacture": "Exo Terra", "description": "Size: 25 x 19.5 x 11cm - Natural look - Integrates in any type of terrarium - Provides a secure hiding place - Prevents stress - Very stable", "price": "9.27", "size": "large", "image": "large_hide.jpg"}}, {"model": "products.product", "pk": 16, "fields": {"name": "Zoo Med Repti Rock Food & Water Dishes Small", "category": "food water bowls", "manufacture": "Zoo Med", "description": "Size: Food- 14cm x 12cm Water- 11cm x 9.5cm - Food and water dish - Smooth surfaces - Non porous material - Vertually indestructible - Easy to clean", "price": "7.99", "size": "small", "image": "small_food_water_bowl.jpg"}}, {"model": "products.product", "pk": 17, "fields": {"name": "Zoo Med Repti Rock Food & Water Dishes Medium", "category": "food water bowls", "manufacture": "Zoo Med", "description": "Size: Food- 19cm x 16cm, Water- 16cm x 12cm - Food and water dish - Smooth surfaces - Non porous material - Vertually indestructible - Easy to clean", "price": "12.15", "size": "medium", "image": "medium_food_water_bowl.jpg"}}, {"model": "products.product", "pk": 18, "fields": {"name": "Zoo Med Repti Rock Food & Water Dishes Large", "category": "food water bowls", "manufacture": "Zoo Med", "description": "Size: Food- 25cm x 22cm, Water- 22cm x 17cm - Food and water dish - Smooth surfaces - Non porous material - Vertually indestructible - Easy to clean", "price": "20.79", "size": "large", "image": "large_food_water_bowl.jpg"}}, {"model": "checkout.order", "pk": 10, "fields": {"order_number": "9458349968414226994AEF915EF503D8", "user_profile": null, "full_name": "davenoone", "email": "dave@fmail.com", "phone_number": "01234567890", "country": "GB", "postcode": "12345", "town_or_city": "anywhere", "street_address1": "anywhere", "street_address2": "anywhere", "county": "anywhere", "date": "2021-10-21T08:00:34.008Z", "delivery_cost": "14.25", "order_total": "142.49", "grand_total": "156.74", "original_bag": "{\"1\": 1}", "stripe_pid": "pi_3JmwBlFry3fofAso1afVgS8J"}}, {"model": "checkout.order", "pk": 11, "fields": {"order_number": "1123134D084B44AF842DAC9D8FE3ACFA", "user_profile": 2, "full_name": "test", "email": "test@test.com", "phone_number": "01234567890", "country": "GB", "postcode": "12345", "town_or_city": "anywhere", "street_address1": "anywhere", "street_address2": "anywhere", "county": "anywhere", "date": "2021-10-21T08:02:06.549Z", "delivery_cost": "0.00", "order_total": "202.34", "grand_total": "202.34", "original_bag": "{\"2\": 1}", "stripe_pid": "pi_3JmwDhFry3fofAso0ZxsPg9H"}}, {"model": "checkout.order", "pk": 12, "fields": {"order_number": "80BE39D31E0749479D34533143DE98D1", "user_profile": 2, "full_name": "test", "email": "test@test.com", "phone_number": "01234567890", "country": "GB", "postcode": "12345", "town_or_city": "anywhere", "street_address1": "anywhere", "street_address2": "anywhere", "county": "anywhere", "date": "2021-10-31T11:06:39.819Z", "delivery_cost": "18.95", "order_total": "189.48", "grand_total": "208.43", "original_bag": "{\"1\": 1, \"7\": 1}", "stripe_pid": "pi_3JqbrmFry3fofAso0wra3tq5"}}, {"model": "checkout.order", "pk": 13, "fields": {"order_number": "3F8E72A16ABB48B7AE38C206EFAB50EE", "user_profile": 2, "full_name": "test", "email": "test@test.com", "phone_number": "01234567890", "country": "GB", "postcode": "12345", "town_or_city": "anywhere", "street_address1": "anywhere", "street_address2": "anywhere", "county": "anywhere", "date": "2021-11-03T12:17:09.162Z", "delivery_cost": "0.00", "order_total": "224.88", "grand_total": "224.88", "original_bag": "{\"4\": 1}", "stripe_pid": "pi_3JriOXFry3fofAso1LHnk3Gl"}}, {"model": "checkout.orderlineitem", "pk": 15, "fields": {"order": 10, "product": 1, "quantity": 1, "lineitem_total": "142.49"}}, {"model": "checkout.orderlineitem", "pk": 16, "fields": {"order": 11, "product": 2, "quantity": 1, "lineitem_total": "202.34"}}, {"model": "checkout.orderlineitem", "pk": 17, "fields": {"order": 12, "product": 1, "quantity": 1, "lineitem_total": "142.49"}}, {"model": "checkout.orderlineitem", "pk": 18, "fields": {"order": 12, "product": 7, "quantity": 1, "lineitem_total": "46.99"}}, {"model": "checkout.orderlineitem", "pk": 19, "fields": {"order": 13, "product": 4, "quantity": 1, "lineitem_total": "224.88"}}, {"model": "profiles.userprofile", "pk": 1, "fields": {"user": 1, "default_phone_number": null, "default_street_address1": null, "default_street_address2": null, "default_town_or_city": null, "default_county": null, "default_postcode": null, "default_country": null}}, {"model": "profiles.userprofile", "pk": 2, "fields": {"user": 2, "default_phone_number": "01234567890", "default_street_address1": "anywhere", "default_street_address2": "anywhere", "default_town_or_city": "anywhere", "default_county": "anywhere", "default_postcode": "12345", "default_country": "GB"}}, {"model": "rating.rating", "pk": 3, "fields": {"poster": 2, "comment": "Another great small terrarium", "rating": 2, "product_id": 1, "updated": "2021-10-24T07:41:35.374Z", "created": "2021-10-22T15:54:01.481Z"}}, {"model": "rating.rating", "pk": 19, "fields": {"poster": 1, "comment": "This comes with everything its amazing !", "rating": 5, "product_id": 5, "updated": "2021-10-23T09:14:10.282Z", "created": "2021-10-23T09:14:10.282Z"}}, {"model": "rating.rating", "pk": 20, "fields": {"poster": 1, "comment": "Love this product EDITED EDITED EDITED AGAIN", "rating": 4, "product_id": 1, "updated": "2021-10-24T16:00:52.392Z", "created": "2021-10-23T15:03:47.985Z"}}, {"model": "rating.rating", "pk": 27, "fields": {"poster": 2, "comment": "I like alot", "rating": 5, "product_id": 17, "updated": "2021-10-25T16:33:41.132Z", "created": "2021-10-25T16:33:34.805Z"}}, {"model": "rating.rating", "pk": 29, "fields": {"poster": 2, "comment": "Great product, ideal for my needs", "rating": 5, "product_id": 6, "updated": "2021-11-05T09:01:10.387Z", "created": "2021-10-25T17:49:21.431Z"}}, {"model": "rating.rating", "pk": 30, "fields": {"poster": 2, "comment": "10", "rating": 2, "product_id": 4, "updated": "2021-10-25T18:48:59.880Z", "created": "2021-10-25T18:36:46.263Z"}}, {"model": "rating.rating", "pk": 37, "fields": {"poster": 2, "comment": "Love this light bar ! Edited", "rating": 4, "product_id": 8, "updated": "2021-11-02T19:11:39.095Z", "created": "2021-11-01T19:42:52.527Z"}}, {"model": "rating.rating", "pk": 40, "fields": {"poster": 1, "comment": "Okay here we go", "rating": 4, "product_id": 8, "updated": "2021-11-02T19:30:16.695Z", "created": "2021-11-02T19:29:32.799Z"}}, {"model": "rating.rating", "pk": 43, "fields": {"poster": 1, "comment": "Love a large one", "rating": 5, "product_id": 3, "updated": "2021-11-05T08:46:56.080Z", "created": "2021-11-05T08:46:56.080Z"}}, {"model": "forum.forum", "pk": 2, "fields": {"poster": 1, "title": "Sharing my Terrarium Build", "comment": "A new terrarium I built for my Dart Frogs - took me a long time but very happy with the result.", "updated": "2021-10-31T15:35:23.468Z", "created": "2021-10-27T07:10:18.837Z", "image": "media/forum/dartfrogterra_insta.png"}}, {"model": "forum.forum", "pk": 3, "fields": {"poster": 2, "title": "My tank that I planted for my dartfrogs", "comment": "Look how much the plants are growing updated updated !", "updated": "2021-11-02T17:15:24.937Z", "created": "2021-10-27T07:23:38.034Z", "image": "media/forum/the_frog_wall_insta_nZdyvzB.png"}}, {"model": "forum.forum", "pk": 5, "fields": {"poster": 1, "title": "lion", "comment": "lion edited", "updated": "2021-10-28T09:33:49.345Z", "created": "2021-10-27T14:01:53.228Z", "image": "media/forum/lion-fqv.png"}}, {"model": "forum.forum", "pk": 13, "fields": {"poster": 2, "title": "one for testy testy", "comment": "yep a new one", "updated": "2021-10-28T08:48:33.765Z", "created": "2021-10-28T08:48:33.765Z", "image": "media/forum/createratingview.png"}}]